342,-143
-73,-126
-165,-125
-307,282
280,25
364,-193
139,242
-3,-22
-296,304
287,27
159,233
401,-153
308,89
148,305
-80,69
-34,13
-7,43
232,129
310,206
205,155
315,-151
-29,124
178,156
120,-151
-1,-158
70,-148
223,162
-32,-151
236,203
-4,-96
136,240
-290,306
295,98
-47,156
136,259
286,89
-68,-271
84,-137
-74,104
320,-48
129,234
-18,6
-83,-113
132,225
153,201
19,-18
-77,75
40,155
-301,244
294,96
-35,123
-99,124
-64,-311
-5,-52
102,-158
-10,8
143,224
139,193
-6,-50
136,268
-29,-87
138,218
291,191
16,-143
46,147
-286,207
166,176
-7,120
-42,-31
-20,32
-39,69
-34,135
232,82
66,149
-26,68
-2,127
-102,121
-55,171
245,-54
126,252
228,155
113,-188
192,172
249,143
249,173
362,-104
7,70
240,74
1,-97
209,29
358,-175
354,-162
-309,272
-58,-36
371,-110
-39,84
3,-77
355,-197
-81,77
18,101
278,83
-4,-36
-21,1
-4,41
9,-157
338,-73
-378,388
-82,-167
154,271
115,240
316,198
178,267
-48,33
-15,0
-32,94
207,166
328,-67
7,-53
159,302
-28,67
171,155
12,-150
67,158
12,-154
159,187
352,-196
-44,149
1,-16
244,-47
-254,215
126,261
142,312
3,-85
-1,-18
-226,173
223,158
-9,-7
-261,194
143,297
359,-198
1,109
-257,201
-82,84
280,89
-78,97
189,147
211,120
5,-90
-3,-80
162,286
224,161
136,-203
193,170
-3,-88
8,118
334,-73
-276,194
-48,72
15,112
203,248
380,-199
233,133
266,132
-20,7
246,143
-24,73
321,-39
253,140
207,159
-42,70
127,241
387,-201
-76,101
364,-195
7,-13
335,-61
-198,179
167,163
353,-159
-224,190
-58,163
204,154
104,-167
116,-185
-7,-40
258,120
220,160
-14,5
-293,206
128,245
168,282
-79,81
149,198
-16,135
-1,-77
282,71
-28,80
-37,74
-35,90
-87,88
359,-191
-19,24
324,-31
188,-18
133,269
144,214
143,186
132,268
35,171
168,175
-57,140
-96,116
289,54
145,354
21,109
141,224
218,161
-18,-6
119,-189
362,-171
-85,-112
184,269
-78,-126
165,180
-1,-3
125,-205
313,210
293,55
-83,93
200,150
216,90
8,-88
339,-58
-6,8
-54,73
-313,189
-16,1
-263,232
178,273
164,185
-291,236
-249,192
186,177
131,266
-22,17
180,-10
8,63
313,79
-86,108
236,122
-303,234
150,315
-326,197
205,172
337,-133
-40,145
128,-200
0,-79
304,48
365,-182
-54,-18
312,-141
143,251
-287,208
-20,35
-314,190
-77,-113
308,-41
182,161
210,162
-3,-90
139,232
-301,292
202,177
-19,27
10,-102
-85,110
107,-172
186,-18
167,178
139,252
212,165
315,201
-9,23
192,184
-1,-164
98,-147
-171,-123
98,194
315,-35
-317,194
175,155
4,103
365,-203
102,-133
86,-133
-259,199
223,112
0,-81
6,118
5,53
179,172
11,-99
363,-103
364,-210
93,-154
123,-155
-81,88
351,-159
-403,303
204,173
160,165
180,263
356,-166
315,206
272,110
157,295
0,-95
305,-88
-29,105
154,272
-11,16
-61,-27
98,-123
135,219
18,-21
-3,52
176,180
-198,184
397,-230
-55,71
214,167
144,237
102,-147
135,242
318,-34
3,-52
-69,162
169,152
-189,158
293,57
179,176
237,132
-28,132
-24,130
161,166
227,89
-11,122
293,65
-264,203
118,248
283,71
-10,10
66,154
-129,142
201,179
5,-83
123,257
-6,142
-80,90
-38,-85
229,211
377,-202
-148,-156
15,-149
10,-14
142,224
240,146
174,164
-15,128
-31,-75
14,110
-301,201
-83,-209
223,89
-25,129
-408,306
56,141
-9,8
-18,-60
140,196
233,210
-72,-125
138,251
-34,94
-44,160
-84,89
-76,-125
-20,25
365,-197
158,195
-303,318
330,-69
17,101
-62,53
15,-16
-53,108
-60,176
129,272
12,-12
-58,-124
-63,-31
-2,53
130,269
240,125
13,-165
0,54
137,229
231,209
-88,94
278,82
313,74
-290,307
15,-127
115,241
-51,-51
24,-25
267,135
290,56
-22,63
-13,0
136,221
-11,-102
-70,80
-82,90
130,142
126,273
314,214
-78,-130
-29,15
-228,182
319,-45
-74,103
6,150
202,155
-57,172
-268,193
-15,-7
-39,62
-6,-12
107,236
308,-138
232,210
-196,148
110,-186
140,237
-120,136
10,-95
0,-88
-59,-20
137,227
292,97
202,252
-28,81
144,210
-39,-31
225,124
-81,86
138,199
-4,-61
-245,192
138,263
155,272
285,113
-75,-126
363,-106
17,-13
2,-3
310,74
-7,-9
137,253
-204,186
13,-136
15,116
292,55
-27,63
-301,196
229,204
2,-93
329,-65
220,95
-51,-76
233,124
133,220
-234,158
193,175
12,-165
163,294
-265,200
-121,149
255,26
332,-171
-174,-147
278,125
13,-120
197,138
137,272
282,119
7,122
8,68
329,-41
-4,56
138,223
-6,-1
-10,39
19,-132
352,-157
-420,332
124,-194
298,203
278,123
-215,184
149,311
-80,96
-270,208
321,-46
-42,-65
-262,234
204,167
129,283
327,-48
-191,153
-9,-45
128,257
-33,92
9,-94
1,-5
-11,53
174,167
125,-195
-55,-54
211,169
180,124
5,-92
-55,157
6,115
126,264
-15,-13
0,59
4,-58
142,255
112,-183
14,112
-10,116
222,94
-66,81
-6,125
11,69
281,95
55,148
235,202
356,-198
-72,70
-217,184
331,-70
296,200
130,289
370,-187
-219,183
189,183
139,231
164,195
325,-39
-325,198
-34,64
210,131
-6,-77
-261,202
371,-203
312,-142
-4,-15
21,-136
-299,176
377,-201
13,122
0,130
-84,108
137,194
253,-59
-266,227
-51,-80
-10,152
3,121
2,-48
282,94
-280,206
-263,205
338,-59
163,193
213,93
-19,16
3,-159
185,265
-39,-85
-135,161
145,211
176,160
3,-49
175,168
0,-54
-297,287
214,119
7,-88
-78,-192
165,282
-6,-37
-11,0
-77,74
168,167
225,93
254,139
45,146
-74,69
-85,111
-70,-262
183,155
219,91
-35,115
-287,207
341,-146
184,-17
90,-128
18,111
134,260
295,49
8,56
274,107
351,-158
-391,302
25,-20
-205,182
44,150
-76,77
379,-209
276,127
-50,169
-20,10
250,142
133,261
115,-185
-306,181
100,-143
168,153
219,94
298,91
10,126
198,159
163,286
-9,-4
124,-199
283,66
-8,13
13,121
320,-30
62,136
4,-13
302,-126
170,171
-13,-8
318,-44
-23,14
-5,-95
-398,284
-89,113
377,-204
173,282
314,-40
318,-41
-199,175
339,-144
139,239
-250,186
5,-26
143,198
301,-126
-30,77
9,122
152,205
-19,121
220,115
148,204
-6,-11
-37,150
285,83
129,242
-67,32
155,293
111,-185
-4,24
208,153
10,-99
246,142
-20,29
13,-130
-55,72
-80,71
293,178
-60,156
-71,-228
-23,38
11,116
-319,194
-109,134
-103,130
-35,82
239,133
387,102
-7,-78
221,95
167,289
-289,204
-16,10
130,285
139,216
171,178
10,-98
130,223
266,134
128,233
3,131
2,-155
212,160
-17,-7
147,184
339,-136
-5,-23
364,-178
212,27
-31,74
141,214
3,-40
-276,207
-2,96
101,-144
-303,266
147,249
-3,-98
122,255
210,163
239,74
364,-191
-216,175
179,-10
13,-155
210,157
297,192
-157,-138
-49,73
128,254
294,192
51,145
-127,142
-82,98
207,167
173,-4
-131,148
134,221
-43,-81
257,120
319,-43
-262,192
163,288
233,205
-51,-58
2,-94
18,104
214,128
42,153
63,146
138,243
2,56
123,-145
365,-174
-20,147
320,-46
16,158
-62,165
143,151
91,-133
180,166
293,66
14,-141
-22,24
-68,32
-81,82
-109,133
314,-42
-48,138
-83,104
138,298
277,124
9,71
-30,66
223,215
243,72
12,120
-72,156
14,-134
281,116
126,143
124,250
376,-203
-44,67
-6,-42
-230,181
-13,-16
114,246
368,-196
12,-16
212,164
-86,-158
133,291
-7,-154
117,-183
96,-159
143,315
303,90
16,106
260,49
-26,128
146,209
149,270
3,-88
176,169
-88,92
134,234
204,166
179,198
141,293
-35,153
210,123
-93,131
274,130
-3,-42
297,52
261,45
336,-66
114,242
-33,60
11,-108
51,141
283,-95
174,184
16,105
127,268
318,-45
61,132
135,262
12,-155
143,232
-115,135
190,173
188,175
-161,145
279,88
5,-14
-22,27
-158,153
13,123
287,53
151,202
262,44
116,-186
184,174
2,126
-83,87
149,207
232,128
133,276
-16,93
-53,-55
177,276
100,-150
144,255
294,77
219,116
186,164
-81,75
-26,72
182,167
141,196
2,-157
228,126
288,102
-381,250
-327,200
-106,118
-262,223
-85,-150
128,-197
41,152
356,-165
122,251
183,-12
-6,121
196,151
-133,133
296,48
143,311
152,180
153,271
194,143
142,251
3,-66
316,-38
-16,-51
371,-195
400,-229
10,-157
-2,6
-205,167
-33,73
13,124
38,154
120,-197
8,-15
100,-146
101,-157
340,-58
177,272
195,175
-59,-11
292,67
-10,38
274,128
151,206
-31,88
311,74
-40,71
10,-148
2,-164
9,-158
-21,12
-81,-148
-110,124
122,-194
-8,109
-18,11
146,300
176,201
-52,172
231,80
-19,-1
-35,-29
136,251
197,163
37,-24
230,127
323,57
183,267
-397,284
207,162
-51,-50
-19,11
207,131
227,154
143,212
-206,186
4,120
-257,193
130,242
368,-203
-48,162
208,180
173,279
-101,130
-80,84
0,-12
288,116
115,-146
9,128
-14,12
345,-190
39,184
223,93
136,252
136,228
3,-62
138,250
-55,162
-122,138
88,-134
126,-198
143,208
188,186
300,-126
336,-76
-37,-89
-14,-21
10,65
34,188
117,-191
167,0
2,-61
-18,17
-54,-347
182,-15
-10,-46
-17,135
188,172
-248,194
-3,-40
0,-44
11,-151
322,-47
290,111
-22,34
396,-231
165,291
126,272
190,159
-19,1
0,-97
216,160
13,119
-23,70
7,-166
290,75
312,40
-80,68
-31,72
-82,78
374,-193
132,278
-255,200
-12,-10
-154,168
-28,127
330,-120
-7,-46
-263,204
400,-157
65,157
242,-45
17,108
-34,62
-4,-64
260,40
104,-147
1,-37
191,165
-47,-65
396,-148
291,65
12,-129
-22,74
-9,-23
224,92
311,73
139,261
279,-60
95,-157
143,252
316,200
11,79
-35,154
-42,-141
-62,-306
339,-75
-12,-11
16,113
9,121
301,206
230,129
-17,26
-116,140
193,180
-39,88
-7,49
285,91
142,293
-262,199
203,170
6,121
281,73
-56,70
262,40
-79,79
1,-92
183,163
351,-157
141,193
180,167
-77,102
29,192
4,-59
-263,200
-26,47
196,169
-1,4
199,153
-86,-138
159,189
-15,-66
314,-153
156,294
13,-139
233,82
183,172
9,30
124,253
3,-84
129,269
-52,159
212,123
279,122
24,181
116,-147
133,240
-118,144
158,305
375,-197
131,281
6,123
211,159
389,132
184,159
201,171
-277,205
197,160
352,-158
-11,-14
-8,141
139,268
-15,4
186,148
14,-153
244,-52
-10,131
2,-8
22,103
104,236
142,254
303,206
313,-148
-84,84
-210,182
-41,87
235,101
159,163
135,226
336,-78
-117,152
222,164
150,204
290,67
35,-21
-264,201
138,215
161,173
7,-158
131,278
268,126
-204,169
131,276
144,223
203,171
125,-196
-386,265
377,-209
-6,50
303,-127
-75,-127
-15,13
-314,188
2,8
380,-183
244,71
-12,52
-5,-21
164,283
5,127
257,137
-48,158
2,-6
370,-111
9,-153
256,135
59,139
142,228
-87,97
162,187
-104,122
186,159
223,90
147,325
1,-161
146,311
310,-37
168,283
26,189
89,-129
322,-34
132,214
156,171
118,-192
261,137
366,-200
315,-33
-16,-102
137,292
2,-43
348,-152
-87,-153
4,125
-3,0
216,95
290,103
104,-170
222,91
115,-147
195,159
47,147
-115,133
249,141
-255,202
317,-37
150,271
187,159
-163,-158
184,137
106,-165
-352,299
248,-55
136,242
182,-13
-37,9
-81,-140
1,5
209,236
230,81
130,243
204,170
4,-75
241,97
64,149
158,304
16,98
-79,96
10,124
7,0
363,-100
170,1
212,166
-36,68
-22,-21
146,296
-80,74
-10,49
94,-153
2,-17
-404,303
354,-165
8,-59
-42,7
180,150
145,213
8,78
-203,183
235,152
187,149
200,250
113,-182
-69,-133
139,211
373,-207
138,265
10,-153
139,257
230,203
-59,73
128,272
-261,197
-2,56
-89,120
124,-197
-314,191
-87,83
210,124
133,239
166,283
279,86
-37,59
5,117
-45,-67
-267,227
374,-195
-29,-400
153,204
24,101
296,202
-31,135
9,119
292,197
377,-197
218,114
140,297
139,246
-76,72
154,181
1,-47
-32,145
-48,83
121,249
289,110
284,62
8,77
0,57
176,153
-110,70
140,262
-70,-258
186,176
168,280
185,-17
-36,-83
136,273
-4,-21
62,142
-151,-154
216,162
25,-26
203,134
206,23
-29,136
-122,140
140,231
133,-205
222,93
248,180
333,-64
178,271
-29,134
182,-12
-83,114
-98,131
-252,187
41,160
145,184
227,207
288,61
-190,174
15,-11
-241,189
17,113
124,243
337,-180
-318,193
-166,143
19,97
163,182
234,153
158,273
-5,119
113,-181
202,169
-42,159
211,160
-34,77
188,261
223,87
-2,-162
331,-166
-84,92
175,172
193,179
116,-184
357,-174
-4,57
127,-159
-55,74
212,129
130,256
-63,77
-68,-302
-83,79
215,156
173,-6
114,-185
-202,182
-59,103
121,-200
155,296
-39,96
218,163
349,-154
47,142
346,-188
202,175
-61,152
313,-36
236,202
332,-165
141,212
159,186
35,187
-88,88
103,-160
12,-96
-23,16
271,130
198,158
222,125
196,165
190,172
-122,137
210,121
334,-66
323,-30
159,303
135,234
14,115
-399,291
96,-148
-19,118
160,174
140,240
350,-158
-50,-55
310,45
11,-107
385,135
133,208
143,222
219,158
-105,22
57,137
397,-148
-36,129
201,169
120,253
-192,161
-13,-14
149,204
-34,128
-125,138
-58,-35
-16,-101
-305,173
146,207
-48,145
153,202
9,62
-53,2
294,189
-4,-161
144,213
340,-145
342,-141
-124,141
210,159
281,118
-4,-160
168,287
117,-149
263,-72
-14,26
2,-53
403,-154
203,24
129,-197
181,195
-59,-123
140,-205
195,149
35,159
-83,-145
55,139
-149,-155
225,123
-20,40
-84,-142
145,210
129,241
-190,156
278,87
-291,189
133,228
-96,127
-362,369
248,179
385,-207
202,170
327,-110
177,177
-71,-124
-199,152
-20,31
135,274
-57,168
-20,13
-1,-83
191,164
379,-198
-165,-158
320,-35
275,111
356,-174
285,104
-2,-89
202,23
176,268
313,-41
-84,-143
-58,63
294,190
176,124
15,1
181,263
148,190
121,-195
263,137
-82,-176
359,-101
267,130
284,-66
144,318
400,-151
222,90
-82,-164
-83,-166
198,250
-235,170
-62,-32
61,174
3,-158
-50,-80
135,237
9,-154
-201,184
295,189
-19,155
311,82
148,207
-230,162
-67,171
136,-207
126,-157
142,225
0,-162
286,-104
1,122
261,-68
16,116
313,-141
147,312
317,205
365,-181
397,-149
37,186
248,140
205,162
-4,53
-119,140
169,278
145,236
-276,195
222,160
134,206
-6,111
273,128
-63,74
156,201
-38,142
145,299
7,55
-268,192
95,-125
24,-27
19,-130
8,-91
210,168
149,209
179,154
137,268
289,65
397,-151
247,140
-57,-243
-86,96
121,-152
-309,183
-162,-143
1,-91
227,155
119,244
-9,-103
141,312
-18,-99
153,298
192,154
18,-14
128,242
117,-190
48,143
180,172
250,65
-302,294
-276,212
126,262
-115,131
108,-172
114,245
-12,0
247,144
-3,-78
125,250
341,-66
17,-124
-58,166
-175,-135
146,343
-266,233
-60,-123
-313,191
120,-196
294,175
-34,74
17,-133
-18,27
0,-85
-43,-80
-8,-102
143,195
251,63
160,291
-82,-137
146,197
306,89
297,50
239,127
11,-156
140,215
92,-149
-277,192
291,70
-7,-62
168,171
-21,-25
-3,-79
344,-186
10,110
133,248
-41,145
-38,72
9,-163
2,-83
291,110
371,-198
-52,90
-70,82
-39,-84
11,70
5,-96
2,122
-4,50
-73,71
-56,87
305,-89
175,123
278,93
-79,-127
-237,223
158,176
14,123
196,156
-86,-153
140,232
225,92
-319,191
146,237
144,270
201,249
346,-148
-9,-50
-96,122
253,141
-15,-1
33,171
-11,33
-53,-48
178,152
-116,134
-282,246
136,292
282,84
246,176
-33,-76
-83,88
-20,14
-70,78
6,124
-18,-96
338,-65
191,170
156,303
7,12
217,152
131,284
178,159
295,192
-307,184
-33,103
125,-155
139,258
142,240
3,130
173,277
-61,78
-19,-4
139,192
-20,-8
-123,141
16,-131
333,-67
-31,126
1,-43
23,-22
-21,33
90,-133
1,-2
373,-203
279,94
353,-160
279,113
130,233
-67,-248
-322,195
145,217
114,-189
194,178
-33,93
277,-81
346,-149
145,297
136,238
209,168
-120,137
-8,-42
-194,154
33,-16
174,161
126,269
-217,155
354,-160
-80,75
-5,-81
129,267
125,-199
149,312
336,-77
-16,-21
9,-102
256,-64
-298,293
-62,-26
5,-154
8,53
-70,-263
187,177
117,242
-32,-73
100,-142
294,70
135,271
177,169
-96,121
254,141
-134,150
250,167
242,126
-206,178
174,154
52,139
54,141
142,256
290,102
21,105
96,-152
230,204
-7,7
97,-147
-265,206
-169,-144
292,190
165,174
-14,-44
8,67
160,304
-53,-56
-6,41
136,294
-10,25
291,-116
5,-75
135,240
238,128
48,146
-279,202
131,279
323,-35
136,272
145,300
122,250
163,169
10,-108
6,63
-136,147
-97,128
-220,182
11,-121
-293,238
131,-209
344,-147
-61,-57
142,186
-27,130
127,255
-57,60
226,211
-49,54
375,-198
-63,-33
104,-148
10,-115
-100,122
303,-89
90,-135
-2,-43
281,111
-39,159
-3,4
-316,190
10,-89
135,194
337,-75
295,60
-20,24
281,91
-302,261
59,135
370,-110
17,91
-60,-42
134,237
224,214
130,270
310,82
-3,-7
233,154
4,-152
-9,50
4,-89
5,-62
-19,-50
187,261
132,291
-2,-5
317,-31
-10,2
8,123
4,-44
-26,10
-136,25
40,154
20,-132
265,-72
-8,-15
23,-19
-2,-7
229,124
141,243
155,198
60,168
362,-172
-11,-15
351,-152
-80,73
147,301
288,56
13,-132
184,175
6,-98
135,193
152,203
-188,157
-15,31
-36,102
200,179
-37,76
-246,190
173,207
343,-65
313,-149
-99,118
3,-162
-14,-101
-379,400
107,-175
18,103
115,-180
-67,-302
101,-153
-43,-65
157,182
255,136
363,-192
214,157
207,125
369,-196
-8,-105
246,-48
203,165
62,149
-249,187
358,-100
343,-63
191,186
159,169
-205,184
-302,286
134,218
123,-14
-18,28
179,177
-59,-35
-4,-14
-24,36
-82,103
-80,107
1,-87
283,107
158,177
-260,188
-255,201
340,-143
217,161
230,98
-2,-98
195,167
146,216
8,58
-166,-126
285,84
61,146
263,132
342,-67
135,291
-68,154
13,-159
-64,-319
7,126
-68,-272
10,-113
-80,81
-23,74
43,148
61,164
-58,-38
191,155
16,-138
-106,124
41,175
320,-44
-1,127
9,66
156,195
143,216
272,-76
171,210
-9,-12
180,270
174,177
-4,16
193,169
-7,-100
-23,5
-42,81
-9,52
314,-149
-68,-257
104,-168
-148,-155
-347,210
21,106
-17,13
-81,85
202,135
320,-34
10,68
15,57
326,-47
-311,186
-169,-130
-110,131
176,-7
83,-136
-108,125
-84,102
60,138
156,198
29,188
-7,25
141,191
-134,147
278,115
2,-159
148,317
137,225
6,117
13,-126
139,241
240,-47
219,230
-7,119
404,-153
-84,-139
231,83
-43,149
133,237
13,-152
267,131
279,84
359,-102
169,169
-36,58
15,118
-73,-130
137,-203
-85,95
279,-89
-52,-57
213,167
11,-12
120,136
94,-128
-252,183
248,181
145,240
279,92
140,242
226,91
14,122
131,218
150,181
281,90
207,165
-296,206
-26,-172
292,176
351,-153
307,87
187,-19
124,237
122,249
138,234
17,-17
131,273
321,-34
58,136
143,237
104,-146
4,-86
-7,51
161,274
-16,15
-203,186
-40,63
7,117
-58,62
151,20
132,290
-68,157
-82,85
17,98
-289,178
-40,83
88,-131
-34,-90
221,113
-45,-70
-40,64
114,-182
141,234
-64,157
41,183
188,149
-27,80
134,-207
153,272
-27,126
338,-62
147,269
127,-202
-80,-127
-10,113
-77,-125
166,163
-81,-166
-170,-128
-218,183
279,83
-82,-140
9,-93
-69,80
-43,-66
-77,72
5,-162
1,-94
299,-86
137,228
299,-117
-24,69
114,-142
175,125
133,215
58,149
-92,119
331,-75
-288,207
141,241
134,274
-56,-39
-22,25
-52,73
-17,44
169,173
200,158
-11,-1
138,235
94,-135
-252,214
-52,173
235,124
-44,85
290,-108
-6,-102
6,15
-7,-8
-6,-13
294,97
135,225
-19,-49
-111,129
141,244
-6,-4
131,-208
249,139
333,-68
181,162
205,23
147,295
9,43
-22,15
216,154
332,-166
223,161
-153,-154
-4,-12
250,140
14,120
-32,-35
1,54
43,146
212,149
17,-134
288,63
-84,113
297,201
244,144
381,-205
169,164
143,228
352,-153
348,-193
192,254
143,188
-5,-12
376,-199
144,191
325,-48
287,64
222,230
315,197
225,211
-19,41
126,242
307,-89
-85,85
-79,76
279,81
139,234
255,135
147,308
139,266
-17,-12
5,122
152,311
264,130
5,-51
-86,-155
-18,-2
-66,73
-17,20
184,153
-23,4
282,79
-301,194
298,93
353,-157
-35,56
229,208
350,-191
359,-192
211,130
188,180
171,177
48,144
355,-162
17,-149
153,180
306,210
147,237
-262,187
-191,154
310,209
296,-116
333,-70
-13,13
268,134
-53,-132
251,141
45,154
129,282
302,-129
208,165
-2,122
159,299
284,75
6,-9
281,114
17,-156
117,-189
89,-127
184,149
7,-154
143,254
-74,30
-15,54
-176,-149
228,153
-50,-54
202,99
244,-51
155,299
-315,191
-12,36
-9,115
-43,-83
106,198
-77,68
-7,-45
-29,65
44,147
173,175
-67,-43
166,278
157,274
196,139
217,94
327,-165
-43,71
313,-35
22,-6
-2,-84
4,67
-142,143
247,141
302,-88
124,245
-81,-168
356,-98
-38,138
13,75
-261,189
340,-144
132,271
313,-146
227,209
7,-152
14,-162
-8,-46
-12,-46
140,239
-76,-130
230,87
-205,169
14,71
134,280
-34,21
-72,102
17,-158
-15,-101
-101,119
10,-155
-262,203
119,243
-8,124
186,173
11,-92
280,72
-22,26
-23,67
-262,224
7,57
-69,-233
14,-126
142,219
290,61
50,149
155,179
354,-198
150,301
94,-151
5,-81
202,173
4,-154
16,-127
330,-167
-257,214
8,-90
362,-193
-37,58
-4,-94
339,-145
128,-201
-21,10
-324,196
405,-156
10,-159
370,-201
29,173
233,204
16,115
202,247
312,75
-39,101
263,-66
-23,22
-276,215
-57,-23
-14,56
271,111
-6,134
189,170
154,302
-80,87
-31,14
143,215
135,272
148,301
4,-10
-101,126
-56,177
-101,125
86,-128
10,3
156,170
189,259
368,-206
86,-126
160,187
1,-1
190,257
-1,-55
339,-142
324,-41
-140,25
-55,-344
187,150
268,131
141,248
176,123
263,134
117,-186
-376,386
-263,195
2,127
291,190
-118,131
-2,55
10,-93
242,187
-4,-25
351,-194
2,-51
-68,-303
-195,183
-59,-47
143,310
307,9
142,306
141,229
281,110
124,246
356,-172
-81,97
313,-144
289,109
8,-2
-83,-175
142,250
218,150
0,-92
-293,305
-149,131
-67,79
147,310
4,-83
-30,125
0,-96
301,-89
139,265
228,212
-114,360
96,-137
-86,115
317,206
344,-75
-30,-34
19,-20
204,244
12,-152
-61,-26
11,-115
117,-185
195,166
-279,239
-215,175
113,-187
190,149
368,-185
11,120
-52,-53
-85,87
-161,155
-200,174
-200,179
47,143
146,210
320,-45
-24,14
259,119
199,160
-46,-67
350,-153
52,146
1,-9
204,175
-15,-15
-83,85
123,132
-10,125
151,314
-84,101
-12,-104
-79,84
-17,14
-80,-130
136,225
329,-67
-16,-42
-82,76
108,237
149,232
321,-45
171,173
140,216
133,236
-41,142
285,102
279,126
156,-233
213,129
200,157
-57,71
96,-136
362,-103
-52,-51
34,162
11,-95
8,-107
7,-148
145,215
-9,-84
-18,134
-81,-134
94,-152
258,135
369,-195
317,-32
108,-174
18,-157
282,113
-133,130
-20,15
27,191
157,306
362,-170
398,-148
-32,68
-33,83
-196,150
-297,303
9,124
-260,232
-263,188
380,-209
-190,164
98,-122
-198,183
13,73
-254,219
228,89
-275,191
3,-86
372,-192
138,219
112,-186
10,125
0,58
199,158
280,-82
98,-141
-2,-97
-11,-40
179,181
-12,-12
143,185
237,203
-58,149
146,299
343,-73
141,218
257,136
341,-140
-49,-77
24,-24
-182,151
-149,-156
180,-9
-67,-306
24,-19
127,246
205,22
-76,173
155,178
-196,182
185,181
166,290
194,147
302,76
-262,214
163,183
-1,53
-60,-31
9,58
155,304
13,-141
-57,70
-82,-139
180,179
14,-12
-310,190
277,-78
-3,12
3,-94
-281,241
204,258
-3,-1
120,-191
147,206
-56,-55
-193,161
-83,-165
-226,184
274,43
280,79
322,58
114,243
379,-203
303,208
49,146
302,-124
285,101
-62,-34
146,303
187,176
47,141
-261,225
102,-154
-41,-64
-296,201
-190,157
287,105
-40,70
-24,64
-14,-59
305,47
119,-192
-266,207
345,-148
317,-151
221,92
-65,158
-33,71
135,236
-33,61
398,-228
-58,-19
10,-166
252,142
-90,89
283,91
335,-76
-318,194
240,127
-80,92
-57,-344
147,250
4,63
5,-161
371,-209
-15,-49
-2,-14
165,189
361,-103
247,-53
-80,76
95,-148
-47,83
262,133
-84,85
195,170
-334,277
137,216
193,257
-4,-43
135,294
12,-121
399,-232
11,71
-75,82
132,207
252,140
-40,60
-10,-44
141,206
140,253
-14,-27
173,163
378,-210
14,36
186,157
133,-206
-8,-13
2,22
184,147
-13,-103
313,-34
-196,153
168,183
13,-131
251,142
135,227
-267,196
86,-134
12,-6
139,238
-163,152
-3,-93
-12,-44
287,68
-80,91
12,0
174,205
298,201
190,156
-399,293
181,165
171,19
329,-68
-33,101
176,158
89,-133
136,241
208,238
278,92
-324,195
11,-120
177,125
143,211
146,211
336,-69
0,128
-26,14
-57,72
127,235
18,-132
-75,77
88,-128
259,137
-10,18
-154,141
-249,185
214,92
19,-23
-7,-16
13,-129
0,-82
185,263
153,304
-44,62
-315,188
4,-93
276,126
16,99
8,-154
2,-167
11,1
8,60
276,125
174,277
55,142
130,235
262,39
230,126
-197,187
130,282
1,-79
296,94
290,59
143,256
282,111
-231,160
-246,222
147,201
14,-152
-76,73
283,100
234,129
104,-160
-194,182
-37,-38
-295,251
218,159
260,43
-73,72
64,145
8,-11
-5,-39
158,296
-1,-167
-1,-39
146,205
204,155
146,308
5,48
87,-135
275,128
141,256
121,238
331,-122
222,158
-94,118
155,298
-43,67
15,74
170,278
312,-140
190,258
223,156
-113,131
-47,-68
-32,81
-51,-69
-41,83
-187,174
-116,148
269,132
192,258
135,241
-26,67
11,38
277,121
138,273
344,-64
271,132
66,148
-29,76
22,104
246,175
-12,4
12,-132
-162,149
142,193
-115,141
-129,161
141,252
5,-152
175,174
190,167
234,132
217,8
-70,11
142,222
-4,157
-37,-390
44,142
5,-155
114,240
-188,156
-2,-160
225,162
145,222
-283,247
-5,-44
112,-187
-76,-124
-31,123
218,95
-16,31
-28,125
-2,14
120,-189
10,118
334,-74
182,179
206,163
-343,299
-30,65
-325,196
185,262
303,-126
-48,71
-9,16
247,182
178,172
0,-160
227,212
138,210
10,123
-21,-93
157,273
202,163
245,-48
205,163
178,265
87,-129
200,170
2,-78
367,-200
363,-178
378,-196
-55,168
336,-59
-39,162
-43,88
-311,291
275,125
-59,71
-71,5
-44,70
1,55
138,238
176,162
26,-37
6,72
281,82
-196,179
-18,-1
-80,89
46,144
178,272
0,112
233,103
-384,266
318,-46
-22,-100
136,295
-45,-79
-246,193
290,55
5,67
-206,182
-79,100
-227,179
348,-151
178,173
245,143
-5,48
-7,-77
343,-61
143,192
5,120
-173,-112
-22,1
279,87
339,-79
5,-38
15,114
-28,135
-101,122
-200,177
320,-32
102,-144
-400,298
-12,-13
-70,-259
127,273
365,-196
120,-199
296,60
-57,90
194,159
5,-156
310,-142
-79,90
-34,61
-9,125
313,-33
-288,243
367,-184
134,241
-8,39
-110,126
174,169
163,185
299,72
290,60
-32,142
-88,-140
245,-52
103,-146
29,177
145,192
102,-156
10,75
291,112
418,-158
-200,188
15,-137
10,-165
177,201
-34,129
123,252
-15,-64
-14,15
189,173
11,-93
-82,-131
223,94
151,271
6,-90
-286,199
137,187
267,133
302,49
-6,43
133,277
5,114
262,116
364,-199
49,142
335,-71
-20,21
-332,340
-65,169
-270,192
-14,153
323,-43
174,159
224,93
-10,-9
-296,200
130,-205
112,-188
124,244
-11,-103
277,125
296,50
180,176
-50,-75
205,134
197,178
8,66
16,-128
138,244
177,273
235,81
-159,145
143,319
150,183
-69,-271
-351,338
189,179
-268,194
91,-134
-20,-100
-5,-41
8,1
123,247
338,-69
-81,84
369,-202
-29,-160
7,-2
-19,14
181,175
18,106
172,164
101,-151
-37,-36
296,-118
361,-197
-200,176
-15,-96
158,186
136,271
148,308
127,240
-59,163
-15,-99
6,120
299,92
329,-69
198,175
247,69
-197,181
127,287
175,169
-33,79
-161,150
109,-140
-46,5
318,62
183,150
355,-166
170,281
-38,87
185,152
-62,-27
169,168
120,-152
7,-89
274,126
9,-155
132,247
301,51
294,94
189,180
103,-161
-67,-231
-47,77
-56,102
153,207
12,-159
34,171
323,-48
-14,-99
-53,66
365,-103
-257,194
-307,183
188,147
345,-191
-21,-8
299,173
99,-142
11,-112
154,204
-13,-47
356,-167
-10,-10
-1,7
119,247
187,173
42,148
-56,100
20,2
124,-202
152,303
-13,-34
-150,-155
165,285
100,-147
-1,-68
-35,65
-261,203
233,127
-52,-50
361,-173
132,263
-85,86
169,279
-260,204
-30,68
144,252
195,161
139,217
-2,-88
167,280
132,213
192,176
-207,182
133,274
-88,108
-19,18
-23,-99
-21,35
289,85
-18,15
221,156
-21,9
20,-134
289,113
-1,-96
1,-36
-242,164
156,295
-3,109
321,-43
357,-101
152,273
-84,63
282,88
-106,123
103,-208
47,150
-79,-202
132,-204
-13,50
247,187
-33,150
7,123
272,108
-69,-272
13,-137
-62,76
-164,-158
-25,6
303,50
156,306
279,93
398,-231
171,172
20,107
136,296
-15,-102
138,213
-4,-81
-69,-264
100,-144
5,-153
174,124
17,110
-61,76
286,-105
11,124
-9,-15
128,270
-10,118
264,136
190,256
213,164
2,-76
-9,15
8,-148
-30,-35
-11,-2
-18,-19
166,168
223,124
362,-173
-3,-47
144,200
-15,-100
176,157
177,200
124,-200
171,281
-55,-346
-77,-124
-108,143
279,115
102,-145
-30,72
-17,11
103,-158
-77,71
180,154
-15,-98
140,300
-2,-38
311,211
107,-150
-17,17
132,234
187,188
14,-164
-285,173
-5,133
314,203
12,65
320,-43
8,65
-87,-155
-9,120
-26,18
-56,80
287,86
6,-13
266,-72
337,-61
-302,316
56,139
129,240
340,-65
-193,154
3,64
0,-45
-38,70
150,311
144,253
-54,-134
-5,2
147,208
169,282
60,140
-109,135
52,142
185,161
-220,183
246,144
344,-146
-322,199
298,-87
18,-129
350,-154
-3,47
-318,323
25,103
-31,-10
46,150
143,197
201,247
-137,151
-109,141
180,271
258,136
138,239
284,117
-134,153
-6,-16
257,62
11,74
-12,78
-29,66
-9,18
289,53
133,275
167,274
274,-75
-85,84
132,262
-73,104
143,218
194,155
24,-22
-176,-142
140,293
-261,201
123,-195
115,-190
309,38
-20,38
177,175
178,200
262,41
-21,7
-31,59
-87,82
320,-40
185,150
-188,173
140,229
7,120
20,-20
-81,-135
209,160
-150,-157
163,194
-36,67
16,-159
-7,-79
-39,161
157,187
187,171
3,53
9,1
-43,86
5,129
140,210
22,111
-18,22
-75,108
381,-202
189,152
158,306
-31,66
229,127
-56,-120
189,168
190,150
2,116
361,-176
-84,110
8,69
4,123
-30,81
221,165
-8,-55
9,56
264,134
299,-116
237,126
10,-96
-83,83
273,130
284,87
-64,45
172,280
372,-186
125,-203
0,-10
-84,87
-56,-22
13,115
280,115
221,94
261,-69
-38,155
-30,130
-27,128
271,40
-53,160
155,305
-2,110
137,246
208,159
-22,35
310,75
369,-200
335,-64
-9,-6
177,153
-131,154
-269,191
142,249
154,203
4,6
252,141
-2,-75
-109,136
210,167
326,-39
252,169
-42,88
317,-36
339,-62
175,162
114,-180
-124,140
-34,66
260,-68
11,110
348,-194
-276,208
200,251
-199,184
1,-84
203,166
141,240
-259,213
35,163
5,-85
166,175
-77,85
-38,93
235,123
-72,-69
385,136
130,219
398,-152
136,192
179,158
138,321
364,-180
-26,71
336,-64
-108,116
0,-73
17,-147
357,-175
-31,82
134,-212
4,119
21,-16
293,189
-79,99
-23,-89
86,-135
-36,111
174,279
338,-61
-185,162
173,276
-80,78
-5,109
236,79
356,-169
-20,-60
102,-155
30,190
-18,4
-169,-125
165,280
43,150
173,160
169,180
197,164
122,-146
-13,-4
333,-75
101,-146
198,168
-3,115
-247,190
-294,304
247,188
149,306
-22,11
320,-47
192,171
138,233
-3,-64
-11,-11
232,130
292,59
188,-20
-76,74
-13,-9
-80,103
-79,102
-75,98
-273,208
-8,-103
-17,-152
5,-157
8,128
4,3
-261,213
-81,-128
128,267
132,228
124,263
27,190
-114,125
68,148
-32,134
141,303
125,252
32,189
-16,11
-4,-4
-23,35
222,161
-112,129
113,-183
264,132
-80,67
5,-160
125,130
146,270
-107,123
-16,-8
114,-186
-19,20
-3,-95
-83,-133
362,-177
7,66
396,-150
-9,27
139,229
0,51
103,-144
192,145
6,-3
142,311
193,163
329,-70
339,-77
-82,-168
295,199
260,138
-9,-102
93,-146
140,248
173,174
164,192
140,292
13,-133
-75,169
-18,-8
257,-66
-149,-157
-59,-16
231,129
235,128
179,155
275,-75
359,-196
-11,-9
48,139
12,119
-264,231
8,116
111,-186
297,61
318,-29
100,-145
235,133
-134,23
-13,2
183,153
214,156
-100,121
-51,76
-299,315
139,264
170,186
12,-157
-23,-95
277,126
125,261
151,183
409,-157
17,-18
277,110
136,274
140,241
-31,65
328,-69
-68,-260
139,245
-17,21
12,-136
-193,155
205,171
-81,72
3,126
-40,-80
85,-134
-32,-85
-207,184
170,-2
-192,158
17,111
-184,124
12,34
226,209
379,-208
-2,-167
-312,187
-86,86
-173,-111
8,124
-24,66
-74,67
13,-18
293,70
-14,-103
-84,99
135,189
-99,131
8,47
-64,-224
222,123
15,115
176,274
-4,-50
190,168
-83,115
268,129
92,-148
322,-45
-173,-110
207,168
-70,75
0,-47
-25,71
339,-140
376,-196
193,167
-3,-160
270,130
-297,201
-139,160
0,50
-72,-123
-185,124
302,50
51,148
323,-36
-49,72
3,-153
263,136
-203,178
5,-34
6,-85
-230,159
291,68
139,248
-18,18
203,257
140,244
226,124
143,250
165,281
-101,128
105,-147
140,197
212,158
321,-44
-97,123
308,46
167,174
45,157
266,129
4,-51
30,174
360,-199
126,246
-255,210
50,148
-56,63
128,256
168,174
-8,-43
-275,204
295,65
218,116
297,202
235,127
-24,74
3,-157
14,-117
293,69
-397,303
68,179
-7,1
-121,143
-8,-12
177,-9
275,126
169,177
325,56
-286,209
-13,120
363,-200
168,273
314,-146
10,72
122,-153
-23,36
227,88
150,188
-61,-48
136,253
139,210
-104,127
-109,129
-24,116
-8,-38
159,194
-108,124
96,16
-80,70
-24,20
173,-7
17,112
-79,77
-8,119
-289,173
272,126
19,104
-80,-202
111,236
-9,41
-37,80
136,255
102,-152
265,113
115,-183
-52,77
9,-112
-4,-35
-216,184
6,-157
-2,-87
-131,153
0,-76
338,-52
279,-81
282,69
157,304
-20,-25
127,233
207,153
190,188
288,36
196,160
139,220
-34,119
-13,-48
184,176
-33,146
6,-8
-26,11
265,135
-36,80
-196,158
188,-21
-20,-20
284,82
138,252
-1,-12
10,121
12,-135
278,124
4,-70
-36,78
150,299
147,309
296,201
221,91
338,-136
-305,175
3,-42
11,121
286,105
203,169
94,-136
140,238
299,-87
-34,78
269,129
287,108
-195,158
279,90
156,200
355,-167
44,146
-21,32
133,234
394,-147
254,-61
-158,-160
-48,-77
-18,30
12,-15
-36,125
-3,-5
302,-90
-102,125
142,319
153,197
339,-73
-43,68
209,24
-72,14
26,176
-47,78
140,211
-30,-12
127,253
100,-131
362,-191
201,157
-74,100
-82,105
142,214
-81,99
-10,-42
362,-192
-81,-137
19,-17
-254,207
-162,152
291,83
-35,110
372,-190
158,301
291,58
134,236
-82,88
301,-88
146,-223
1,115
294,59
66,156
-263,227
241,147
-35,-78
300,-122
287,65
-41,-82
53,142
-4,18
-109,117
-5,-47
202,249
179,199
4,56
112,234
264,114
18,100
1,-82
255,139
-30,78
147,270
-3,2
175,182
-76,70
174,173
-131,160
-5,52
154,196
271,131
318,-39
155,295
366,-197
-37,79
-308,272
138,196
203,163
8,110
143,210
297,63
99,-127
-313,188
398,-156
382,-201
-5,-78
283,69
-77,77
-204,170
-263,228
-119,134
-5,-73
168,286
222,157
337,-76
231,84
286,115
-15,5
-262,196
234,205
299,93
87,-131
7,118
-87,-154
67,153
-55,1
315,-38
137,214
25,178
5,-8
297,200
51,142
280,110
266,131
2,-55
-96,130
355,-165
139,233
16,74
15,110
206,127
6,-162
-5,-13
7,3
-4,4
-194,153
-8,-40
123,253
245,70
5,64
364,-200
-2,-83
144,185
136,237
350,-151
120,-194
296,49
4,-160
192,256
170,163
16,111
140,225
9,120
11,-96
-81,116
134,271
-7,-102
3,-156
177,195
-81,70
-269,190
114,-181
285,107
-11,-44
347,-190
-240,197
252,-56
12,-130
-41,119
153,-228
-32,140
-73,-128
151,272
126,243
2,-158
-402,308
347,-193
152,304
-25,12
348,-190
-190,125
122,248
94,-129
177,123
265,136
314,-148
-269,188
161,183
213,21
-101,131
-114,140
60,141
342,-73
201,174
-11,-8
197,158
-14,16
218,94
143,201
247,143
15,-134
118,-149
120,-193
-22,37
138,236
-25,60
61,148
204,161
-1,-47
19,-131
-77,-128
-68,-264
138,254
4,19
206,170
288,112
191,180
-28,64
289,61
223,157
19,106
130,287
-33,63
10,-100
130,268
203,168
185,151
-279,240
163,165
146,208
128,266
286,109
35,158
210,150
183,161
359,-173
6,-156
-37,-86
-263,203
-147,143
-31,68
137,254
-81,118
151,310
354,-163
132,210
5,-82
130,225
-39,59
279,109
157,198
-300,288
276,123
-51,73
286,104
-5,120
-32,67
4,-159
188,161
-274,198
316,-46
162,182
-187,172
173,173
-277,203
-74,71
-87,101
195,154
151,298
96,-138
26,106
201,136
387,101
-42,84
179,123
197,156
292,62
-7,-51
118,-150
134,-209
342,-79
-66,-257
263,-70
181,-13
320,-29
283,67
-79,73
195,140
299,-88
140,299
149,313
333,-119
276,111
316,-39
189,151
316,62
399,-149
134,250
-399,289
195,163
124,-154
7,-156
222,89
137,294
146,345
-243,192
316,199
65,-207
166,286
-79,-130
-204,168
246,-55
291,102
43,147
-66,-259
-37,-83
-14,-48
14,-149
11,-3
-87,95
-24,11
-218,180
84,-136
41,150
251,140
153,179
137,226
-65,154
-8,-2
41,153
191,173
13,-19
195,164
312,-143
-283,246
293,-117
91,-128
-24,61
-193,160
284,-67
-114,150
-256,202
-108,129
-51,168
-32,74
99,-147
246,128
15,-136
303,48
160,-233
360,-176
-128,146
285,37
312,-36
-75,102
8,-110
-50,155
7,-157
-2,-40
136,190
-11,54
-36,-79
64,152
322,-49
215,160
224,124
126,232
-25,69
173,171
3,119
248,185
33,188
-64,-195
22,-23
153,302
-293,205
8,-161
25,179
202,172
289,-105
337,-51
155,271
12,-125
179,168
-25,131
-56,-20
-199,185
12,-133
11,-154
166,282
45,151
190,158
224,160
-29,131
-50,150
99,237
-273,200
-82,109
-365,377
-274,188
-26,65
241,73
-14,54
293,191
151,201
13,-123
-82,-177
169,284
144,189
209,166
295,-117
-52,-55
-84,83
314,-156
146,269
-326,198
103,-167
362,-176
103,-145
-85,-160
297,92
310,-139
137,-204
-54,-50
164,170
134,293
152,296
369,-186
131,237
-296,208
289,76
181,156
17,-127
-353,298
-11,-104
-1,-49
-12,-17
155,197
-85,-151
127,276
-117,131
-85,92
-300,292
196,164
-207,183
310,183
-108,136
-2,-26
225,210
343,-143
-20,12
175,276
5,-52
-35,146
20,109
134,261
-6,133
183,154
-57,-54
134,238
11,-109
130,276
-95,123
2,-86
248,68
154,299
343,-147
285,78
188,159
-19,-149
133,262
369,-187
-119,150
18,-131
159,300
149,308
245,145
-22,13
-17,3
11,-110
-331,342
143,304
239,146
-399,285
323,-46
-298,314
155,270
-328,270
-2,-92
280,94
121,254
-98,122
143,299
-266,232
232,100
142,202
-49,-55
-14,9
1,-159
132,275
148,205
141,247
280,112
310,-140
402,-232
-38,151
-3,-71
-16,32
10,127
209,161
9,-91
237,77
-10,53
-13,-99
131,274
-242,216
135,199
6,69
13,-124
237,127
5,-158
204,25
8,-18
321,-29
-30,138
261,135
149,316
-14,-4
129,243
-54,-56
-57,150
-1,-72
374,-191
-46,-77
1,-163
170,178
107,-171
-153,-149
-102,118
-32,65
361,-189
-82,86
358,-102
28,176
133,280
142,318
141,216
48,149
189,155
164,164
-21,28
361,-105
-196,161
-15,-2
0,55
-35,102
161,293
180,-14
144,250
-270,213
6,61
149,183
-205,187
-259,215
353,-197
-23,15
14,113
-5,50
1,-65
134,242
-32,125
273,107
184,154
55,143
272,35
169,165
-234,170
-24,9
280,-90
-9,-43
-55,-61
-33,123
140,222
46,146
-274,202
156,274
-80,86
-197,186
95,-135
-57,-22
-4,122
131,282
169,182
-27,74
111,-184
43,158
132,208
-275,213
312,14
194,154
17,-148
364,-104
306,88
-85,-136
168,188
-2,-170
342,-63
-14,6
251,64
-256,206
114,-183
16,-125
141,253
139,240
-79,-131
365,-104
12,-120
-83,73
-107,125
356,-99
12,-151
171,283
-333,276
-114,139
158,270
-31,70
-59,-25
-5,-45
9,-110
142,-220
23,-6
-1,-43
190,144
151,205
286,110
166,279
-260,206
-7,-80
-290,186
145,-220
-42,66
5,-89
191,185
108,-223
142,239
170,-3
216,126
-33,67
-377,393
284,-98
310,-36
-305,274
224,87
-15,-20
-24,16
-54,-49
-287,209
-20,3
208,158
297,199
281,83
195,156
159,197
210,151
4,7
16,-160
89,-132
14,-131
280,109
2,-11
-83,-132
6,-160
174,275
-50,103
-8,123
-83,78
281,67
288,70
403,-234
154,274
245,-51
135,218
124,-146
-80,-136
-38,-83
287,114
2,58
-4,-6
335,-179
-93,124
143,239
15,-116
-306,201
293,175
9,-90
308,-71
138,246
-274,192
-20,5
134,269
319,-48
119,-190
-276,197
-24,63
205,173
-95,133
261,39
-82,-172
-299,288
145,314
188,160
-60,-32
-15,-25
369,-109
183,-14
-82,-133
142,218
278,110
84,-138
220,158
61,150
295,68
-83,84
7,-85
332,-173
136,233
214,93
291,60
138,195
217,158
145,199
-76,-135
-120,145
358,-173
-205,177
169,179
141,184
417,-159
194,163
-84,115
103,-133
-70,-124
271,129
-26,13
149,208
125,-159
-11,-45
246,-51
2,-163
9,55
334,-67
14,-138
225,217
-201,182
78,-214
-237,208
-32,59
-57,164
-7,124
2,-165
-202,184
-322,196
327,-66
262,134
-9,51
373,-206
11,118
246,145
191,255
-190,155
-219,185
262,-69
-83,-174
-7,86
181,168
3,-93
137,211
143,298
-4,-99
314,69
17,-126
-141,155
245,176
-8,3
-81,78
6,54
14,-142
290,100
-376,388
-124,137
-155,-140
-71,83
-34,-92
332,-70
14,-17
131,235
228,152
157,299
289,74
181,180
170,21
-129,159
-1,-84
119,-197
126,268
341,-62
-255,208
238,149
113,-179
141,226
307,90
-5,-51
193,145
-1,8
142,201
-84,86
207,160
266,-71
146,305
315,69
-196,159
293,99
-17,-43
-307,181
228,154
235,125
1,-45
210,116
336,-75
313,80
356,-168
9,10
-25,55
8,70
-108,127
124,-195
338,-53
267,129
42,152
-78,98
-274,204
102,-161
234,128
147,303
130,238
129,273
-19,-28
224,162
-267,198
47,145
-60,61
189,177
-15,-63
49,140
-85,89
6,-66
320,-38
-290,180
45,142
264,-70
-6,116
16,-144
-52,-49
-9,-16
148,310
180,164
38,155
16,-161
121,-197
-404,287
-5,49
-186,125
50,142
129,279
-38,152
17,-131
323,-47
171,160
172,275
164,184
53,138
250,141
226,162
-18,-152
-162,145
285,64
206,153
30,173
337,-64
-299,313
139,215
271,127
178,-10
33,168
171,174
131,216
48,138
-295,244
215,161
168,0
-36,139
298,70
161,164
189,146
111,228
121,-190
149,194
370,-194
183,152
206,168
316,-42
-282,261
7,-163
313,-79
-17,-61
-4,-5
-33,59
-15,15
400,-233
291,55
246,181
-81,-167
-54,-51
-80,117
339,-63
-76,71
2,-161
7,128
284,-99
379,-201
309,-139
132,286
142,257
295,50
12,-101
-22,62
46,145
-35,147
181,178
-22,39
-324,197
211,150
-20,-49
130,245
185,158
209,158
-102,124
141,250
-32,72
-19,135
265,131
327,-40
283,84
-74,-209
318,-31
86,-129
11,17
144,183
-6,109
-258,191
288,72
161,171
-15,-53
139,-206
-108,132
263,133
9,117
203,22
339,-61
276,-77
-106,138
137,224
-16,16
-258,199
-194,157
-364,378
340,-63
3,-152
185,268
-399,380
-3,-10
3,-72
-235,124
124,252
-81,-185
-75,70
312,208
133,133
172,171
-116,136
-28,82
136,223
-4,-65
7,-155
150,309
370,-200
295,59
2,-87
144,251
333,-61
31,189
302,206
-75,103
246,-53
-400,286
18,112
-22,-54
178,126
-12,55
-83,111
13,-127
317,197
-36,101
-111,137
139,249
-1,-168
41,149
140,213
66,155
129,274
-86,-154
217,162
370,-196
6,-91
-24,-22
16,-23
146,250
341,-71
110,232
132,235
-56,69
-87,-159
-70,-125
-53,-51
-156,-141
231,85
144,239
139,226
-94,125
-39,67
227,125
-83,-172
-67,-256
152,202
128,264
298,-116
36,157
-22,9
-18,31
193,160
267,112
-263,225
11,77
-269,194
296,191
171,-6
13,2
-3,51
281,108
255,138
-87,111
304,-131
138,-205
129,239
-78,-203
-5,127
196,142
-316,189
-97,121
132,279
342,-184
-304,180
148,306
-37,60
11,-165
190,190
-20,-3
-74,82
5,128
44,144
93,-153
324,-47
228,87
-24,-171
12,124
229,87
28,173
272,41
138,264
-287,206
218,110
-20,11
-19,152
33,169
13,-158
317,-45
162,287
309,39
-5,-82
199,177
342,-64
-74,66
-24,44
19,103
158,303
120,-190
-379,248
-6,-91
-4,-80
264,135
-22,44
272,124
-63,-237
10,129
-8,52
-49,81
127,275
176,275
-31,73
147,196
152,302
145,207
272,130
95,-153
261,136
15,113
313,-38
146,298
138,226
292,184
-7,88
138,255
183,193
48,148
-81,71
222,159
-81,81
148,269
-7,50
-301,200
-96,123
195,139
-69,-256
-118,134
-23,12
224,156
-37,61
357,-168
374,-186
132,280
-90,98
247,142
-43,-85
116,166
239,148
14,-136
-68,-126
1,126
13,116
-149,-153
98,-143
0,104
129,237
63,155
-75,104
366,-199
-270,195
-22,-22
-60,-23
-10,52
11,-91
261,134
273,123
377,-183
-15,-61
-53,-52
54,138
-1,-88
174,174
262,-72
161,182
194,35
18,-128
-17,19
-82,75
-218,177
132,261
-59,58
277,111
378,-185
220,94
-318,192
216,161
134,258
237,191
-316,191
186,166
-53,139
8,-94
7,-66
312,-38
-80,98
303,-128
63,157
257,140
-18,33
-5,-54
259,-67
296,54
268,133
-15,32
-12,-8
102,-157
-83,-170
11,-166
-199,159
-21,6
-113,129
116,241
-1,-44
272,46
-19,29
-226,175
286,81
-166,-127
330,-165
-40,101
168,285
-74,-126
-84,-150
-3,-13
-21,14
106,-179
321,-47
270,129
-53,-53
15,119
311,183
132,272
-204,175
237,204
177,126
156,298
194,141
-81,83
154,297
-8,121
-57,169
2,55
-68,70
28,191
174,168
167,1
186,149
-295,248
104,-169
95,-133
-241,195
121,-146
242,73
21,108
283,85
350,-150
-197,185
-1,54
61,133
6,-166
275,-81
19,-134
13,15
138,225
2,-79
139,250
291,64
133,283
316,-148
172,154
222,124
179,160
14,-113
-78,75
-218,176
162,194
211,162
277,78
129,280
-84,107
-42,-64
172,175
383,-211
28,169
25,186
1,-86
-81,112
2,-36
280,95
-293,173
53,144
157,186
270,132
309,90
-266,210
-3,124
-12,-105
-10,114
43,182
10,-156
-20,28
-39,-32
288,100
-5,-2
223,216
45,144
340,-73
-36,154
-37,-84
189,279
374,-201
-31,142
338,-134
-84,103
314,-147
-68,-256
-82,83
182,177
286,113
128,269
16,-163
-79,-203
279,-90
10,74
281,-91
121,-193
155,203
-6,-47
360,-201
103,-159
363,-190
9,-7
111,227
-8,5
4,-54
-37,149
173,192
343,-60
314,-38
145,270
-36,-86
-19,-8
172,176
-17,-4
-284,245
-263,213
351,-156
-48,-76
-23,37
127,-199
60,144
-13,-101
248,175
129,287
206,239
-261,224
-166,-153
50,140
-2,-163
123,264
178,153
-89,95
293,58
-33,14
0,114
-58,65
202,250
-28,143
137,219
168,1
174,206
381,-203
197,155
176,161
270,127
-16,-18
179,164
269,131
8,-87
130,-206
230,85
127,239
12,-153
17,104
91,-132
-4,-93
12,-107
309,-138
-3,56
301,71
-373,388
4,-163
-267,188
161,165
119,-194
-160,150
199,138
-49,51
182,154
-17,-53
-56,73
-167,-123
-35,140
-80,77
-192,166
-65,-123
-198,116
-36,63
-171,-146
-219,184
-261,214
186,147
-13,-53
49,147
270,128
8,119
5,72
167,179
-90,15
-2,50
146,23
265,114
34,165
-325,195
285,103
160,183
-193,116
-3,9
297,96
1,-10
-11,21
-74,-125
-158,154
-11,-18
301,-116
248,141
-311,190
313,-42
-13,10
18,-127
171,-5
51,143
14,-140
62,145
-80,-138
312,-41
-56,-17
109,186
242,130
147,200
-75,79
-74,73
335,-75
-289,242
-41,68
48,145
164,166
-16,-4
-66,-258
13,-125
-76,82
186,263
-198,181
5,2
-58,94
191,146
4,-161
277,105
179,179
-99,129
126,239
46,143
-172,-145
-9,122
-311,185
139,237
-315,189
142,213
4,10
27,186
136,224
-296,303
-258,209
144,313
-187,159
-110,132
44,148
-2,-41
125,-198
-33,140
-73,-123
-8,50
-12,122
-85,102
-195,177
-19,-58
-82,73
306,-135
281,117
-55,-18
311,-154
206,160
-66,-230
-19,-9
-30,80
3,-165
-166,-124
2,-166
12,125
-67,164
294,-117
40,153
311,184
141,254
-261,204
174,166
-13,-176
115,-191
360,-175
203,98
294,191
-76,-128
138,201
9,-89
-23,6
26,190
-5,122
144,215
6,109
360,-103
339,-71
-43,-32
-82,99
300,-119
178,171
11,73
159,168
-7,125
140,220
241,94
167,164
-103,127
246,148
154,199
11,72
273,126
-266,196
204,250
292,192
298,76
-51,-60
-54,-20
-243,186
420,-139
346,-192
98,-129
0,-8
-12,-19
402,-153
-56,175
-419,332
-247,187
311,-37
289,105
-9,-5
143,238
231,130
7,116
193,146
11,-106
-44,68
-9,7
-103,114
4,-88
180,181
14,124
-304,295
234,203
-64,161
313,-145
-94,114
5,118
-19,-24
-103,125
195,147
-211,170
-290,243
-17,32
-29,80
-36,143
-1,-25
340,-72
162,192
286,90
-25,57
353,-162
-297,289
-3,106
-135,136
106,-148
287,59
6,126
-20,33
4,122
-83,-136
-88,-158
-15,-187
9,-108
103,237
129,231
-394,308
316,-154
7,-1
168,-2
140,323
311,-141
-16,119
-19,23
208,132
-51,-56
19,-133
202,18
-3,-77
-81,-127
21,-21
231,204
304,-89
331,-170
-20,4
3,-154
187,158
303,-124
135,247
-21,5
-11,52
141,215
331,-68
352,-159
-102,131
135,260
-269,189
128,285
365,-180
207,132
330,-68
-206,179
-50,-59
-84,93
268,130
208,169
134,292
202,22
3,-81
150,182
124,242
325,-42
243,-47
1,-68
116,-190
-60,69
185,173
192,257
-23,2
-6,-40
149,188
-79,98
163,289
60,148
377,-206
-263,221
-195,155
13,117
125,254
-200,186
-416,365
-16,-98
14,-130
228,206
1,-93
10,-7
-10,17
171,181
-51,50
129,-145
-57,74
-189,173
-40,75
-227,182
-40,-140
126,248
238,148
137,252
-188,174
93,-148
101,-148
157,197
-29,87
287,71
185,160
17,-128
-287,196
11,15
159,176
-131,133
226,122
272,131
-2,-33
117,-187
290,181
180,171
14,-14
262,43
-85,90
196,161
-18,19
-249,222
-58,70
-244,187
204,245
127,265
102,-160
134,244
136,297
149,202
-5,-157
-105,121
-37,71
-5,-159
288,65
103,-163
-261,223
220,93
129,271
31,168
128,-158
190,160
1,127
0,-69
146,194
-41,156
126,-197
-69,-253
49,148
261,48
328,-64
218,160
-201,177
-7,-83
-4,-48
-97,129
-161,144
331,-67
5,-39
372,-198
107,-138
105,-166
-29,68
332,-71
175,275
97,-139
-307,182
60,137
1,-77
172,173
8,121
139,259
6,119
148,184
335,-66
206,24
150,205
-1,-64
-21,13
193,158
15,-159
203,164
-12,9
148,200
358,-101
180,-12
-37,133
-1,-76
197,150
53,139
193,164
200,176
11,-148
314,-41
9,75
184,162
169,285
-5,-10
227,153
351,-155
194,167
338,-76
13,-117
-9,39
310,-141
-102,130
55,140
294,64
36,166
165,287
-19,7
325,-44
131,243
123,-196
150,312
-291,248
48,142
357,-173
184,155
132,244
314,-150
190,177
315,-149
5,-91
-47,6
-28,9
134,279
357,-98
161,287
-29,77
157,179
118,-191
397,-232
2,13
50,144
218,117
-72,104
181,-11
9,-152
-53,-54
-2,128
-196,154
-290,206
17,105
294,51
219,95
53,141
330,-71
259,138
3,-53
355,-172
274,125
156,301
11,-152
239,126
125,142
-161,148
341,-141
228,205
4,-4
153,300
206,125
133,252
-250,190
259,136
8,-163
17,-135
-57,-24
-13,32
33,166
209,159
-134,130
-10,-45
-4,-165
-297,187
205,124
-262,204
-158,112
16,-135
-81,74
-11,-12
-115,129
189,167
295,94
153,242
142,217
370,-195
348,-195
2,-59
126,253
-8,-18
190,145
212,161
283,102
116,-189
278,122
374,-197
-34,102
-51,97
17,-4
-251,189
156,302
168,166
157,300
369,-203
7,124
192,156
351,-196
14,43
-40,62
-261,235
-85,109
190,103
12,-14
307,210
-130,148
18,-149
-284,246
-23,1
5,55
3,-166
310,-7
362,-201
-79,-135
159,291
87,-133
61,147
155,303
-45,164
-23,25
-101,118
149,300
32,168
1,130
165,184
188,258
-83,-173
311,-35
150,207
126,-201
19,-22
177,-8
-4,-98
8,122
154,-228
140,193
134,270
-145,146
15,-126
-63,-30
-204,182
-35,103
297,-117
3,124
27,175
241,124
192,167
148,270
-19,-10
-23,41
134,227
-24,70
281,115
-34,112
149,314
-220,184
-20,8
165,290
309,-74
-15,1
-134,151
279,76
-59,-49
-82,77
192,147
138,262
140,252
300,-118
152,272
347,-150
-9,119
-228,207
148,211
-60,-36
183,185
-15,-6
-7,-14
246,139
-68,-270
-85,101
143,255
-85,-159
285,-103
112,-185
314,-35
-7,-4
206,169
182,194
115,-187
292,-113
14,-132
96,-143
11,-149
-1,123
-6,122
-84,88
-28,66
8,-86
-19,19
370,-189
364,-203
148,295
123,-197
101,-149
228,207
201,177
-38,150
-158,148
319,-31
236,128
137,245
-8,-6
-327,270
282,-83
-21,30
0,-13
140,-206
-80,-129
-9,9
132,288
125,251
137,191
-11,-17
197,154
-14,-6
127,272
131,223
-33,62
-46,162
263,115
6,125
98,-142
135,252
9,127
-80,-132
192,163
-284,185
-38,139
263,-67
158,170
5,112
-265,207
-118,132
111,235
-25,73
-53,-50
140,228
241,146
65,156
292,110
274,111
295,62
-111,122
-19,83
134,200
166,284
166,183
165,279
211,168
381,-201
52,140
-36,74
336,-178
5,-45
335,-73
-42,109
245,144
315,-37
-31,64
-16,-97
-70,-254
-249,193
153,-230
214,94
-86,-160
30,188
1,16
99,-145
224,91
1,-48
106,-170
338,-78
306,-89
284,111
-51,-73
330,-168
-20,41
6,1
4,-49
281,109
180,266
-6,-46
181,170
-41,70
-60,147
136,245
-76,75
-67,167
-82,96
191,256
168,165
288,53
6,-161
-16,-6
-4,2
299,174
198,154
400,-232
129,281
280,90
-266,198
6,-6
359,-174
186,163
-18,-42
-158,-140
-41,-81
-6,-96
-89,105
-45,-66
-16,-15
6,-155
139,198
-10,51
-255,207
169,-2
-260,225
-290,204
189,145
-30,-33
131,239
-260,202
116,-188
192,259
142,269
142,211
-7,121
157,298
-204,178
15,71
-33,121
-109,125
214,121
-51,62
235,80
175,160
140,227
261,38
-27,68
-61,45
-24,22
15,-156
136,282
341,-70
-3,-12
10,117
11,-111
122,-154
155,-229
137,256
-78,78
320,-28
6,77
282,110
219,156
289,72
379,-197
183,274
1,-13
-190,153
-293,293
400,-153
18,110
-67,-233
4,5
213,158
-5,-97
269,130
-9,-56
-298,193
18,99
362,-100
12,118
360,-99
-175,-148
-4,-2
382,-209
194,177
-75,107
167,175
296,65
2,-160
-77,-130
165,176
330,-164
147,300
-2,10
56,143
125,266
-61,47
363,-177
-33,84
9,-111
123,-144
1,-157
372,-200
-33,102
297,55
-250,194
9,64
-67,-258
206,22
291,62
323,-38
-39,-81
-19,134
128,240
-17,-2
180,169
-16,2
285,-98
-14,28
313,-150
339,-70
-88,-154
257,135
121,250
138,-204
218,119
-1,-40
165,167
-34,98
226,154
-10,-7
181,157
148,24
-190,154
156,293
93,-133
140,-207
8,62
44,-152
-79,70
175,277
-58,73
10,-94
366,-192
340,-75
15,-129
187,174
191,154
-120,132
6,-87
365,-202
144,310
-19,-150
97,-127
-80,80
87,-127
330,-119
12,-149
165,278
95,-136
197,159
257,-63
-19,-69
2,-85
-158,-157
250,139
232,127
-30,67
163,281
17,-132
119,-191
222,216
-23,116
234,127
0,-11
376,-201
-56,74
-22,61
-78,99
159,232
-155,116
-17,-49
130,275
-260,197
17,106
172,155
-74,101
277,93
63,156
379,-202
-163,-157
171,278
138,259
116,-187
261,117
-68,-123
332,-172
199,139
117,-188
-62,-44
126,270
9,-109
341,-68
-77,101
-61,70
204,164
229,203
-5,-18
155,273
130,274
1,58
290,99
-12,14
134,217
298,49
140,187
363,-180
16,-21
-74,102
350,-152
283,119
-76,13
-52,70
-21,23
-3,-51
-76,68
89,-130
-230,174
185,149
169,281
295,95
9,68
139,236
145,268
-376,387
223,160
206,165
-43,146
-331,284
99,-144
343,-187
-57,-58
5,-55
-228,181
333,-71
-1,122
339,-139
126,278
159,170
-267,231
0,56
88,-132
141,227
282,83
-19,10
-245,223
-312,186
-35,62
-15,10
-176,-147
-1,-6
211,167
65,145
204,23
347,-151
255,140
11,126
297,197
27,176
-287,197
-194,158
-97,112
184,264
29,175
300,68
171,-2
-376,249
132,274
288,-105
320,-31
136,236
-362,370
-50,167
-62,-28
201,156
-84,98
-19,28
137,305
-217,178
178,169
-41,74
1,-158
42,149
131,275
381,-199
245,129
309,-72
278,32
116,-145
140,221
229,125
205,153
11,-105
-9,128
291,-108
148,271
121,-192
408,-158
189,171
-76,-127
-64,-317
-37,63
-73,103
224,88
-57,53
-257,191
18,102
135,293
-309,182
-10,-23
180,180
-10,-43
208,162
265,-70
-77,-131
-21,36
137,269
-136,138
8,117
11,-155
2,-91
284,67
143,269
106,-178
310,-75
229,155
130,272
309,208
380,-198
-35,63
185,-19
-82,-132
173,164
315,203
256,-66
276,-78
175,170
-176,-148
122,276
319,-36
1,-75
-246,224
174,156
190,178
106,-147
10,76
311,-140
-26,70
147,314
2,2
250,54
-381,400
-104,114
-97,125
313,-147
-41,86
14,-116
-7,53
292,187
235,132
38,184
-125,143
146,301
275,106
363,-105
132,211
-130,162
6,-99
132,242
3,135
132,246
32,169
-1,-10
-13,-44
273,129
-42,67
-26,131
173,-2
267,134
232,133
-33,77
-66,-308
-37,-32
-16,17
307,-39
127,271
381,-210
-122,136
-34,80
28,177
-88,-153
231,210
-34,138
14,-135
146,249
279,95
-75,-124
-198,115
11,65
127,270
131,286
323,60
1,-42
9,-159
-121,151
134,222
-1,-89
-306,184
139,251
265,133
-107,124
138,241
341,-145
-15,-188
164,176
141,192
142,253
193,171
386,135
-226,211
133,256
-27,131
293,188
12,-1
14,-148
134,212
132,209
130,271
-22,-91
-132,149
155,205
14,-127
297,70
280,84
-221,184
7,-71
-202,187
-32,58
144,198
174,170
263,-69
9,35
131,213
270,131
109,-174
111,-187
-63,-42
144,211
-78,102
-171,-145
94,-134
327,-45
373,-192
-34,79
315,-150
44,145
4,-76
150,195
-21,15
105,-165
16,-118
149,307
340,-137
-189,174
-69,-257
349,-151
5,125
294,67
-185,165
282,101
210,166
14,-165
216,94
121,-153
-10,130
2,51
316,207
-39,64
-315,315
226,89
-166,-157
-274,195
244,187
-23,7
-4,-97
204,169
238,89
-323,197
383,-207
-63,167
51,144
204,97
288,104
9,-166
127,-201
200,172
170,165
-33,66
221,158
371,-205
225,91
-22,29
283,86
137,204
-36,-81
-40,74
265,134
258,139
7,121
230,209
7,119
-33,65
-4,-83
4,-61
38,169
180,157
205,169
-227,213
-229,206
226,217
-60,71
397,-150
229,153
139,292
170,284
-248,183
260,134
342,-186
298,92
125,259
103,-165
-335,308
210,161
-102,119
-6,-44
-34,91
309,-137
281,93
202,168
339,-69
173,156
-21,11
-86,107
-84,-137
135,239
319,-47
225,161
-6,-23
353,-198
137,233
130,281
-126,146
189,160
114,-184
142,299
-170,-121
282,70
4,-157
294,68
237,128
90,-127
244,130
-65,-233
126,-202
-195,153
11,-102
142,223
185,191
-78,-196
-2,-96
-204,184
-81,73
10,-103
-67,-259
289,102
-75,-125
312,210
5,-87
-150,-153
-20,2
-29,70
338,-71
-57,-18
292,181
18,-134
280,-63
232,124
128,263
169,184
-1,-52
1,-96
-38,67
142,216
-256,201
-75,81
-83,-176
2,-88
17,103
-323,196
334,-72
283,-70
135,208
412,-159
-59,-18
152,295
247,180
-84,-112
231,79
8,7
338,-137
137,295
341,-73
5,65
179,272
-35,136
-187,157
202,165
173,-5
129,257
-79,-152
359,-175
6,-57
-157,-139
-59,60
198,152
2,-74
154,205
284,90
187,148
408,-160
332,-79
-100,127
-21,17
283,92
-47,-81
19,-24
283,117
0,-84
363,-104
-92,118
204,257
230,154
-32,69
220,117
249,140
208,152
-74,-124
401,-233
-1,-37
340,-62
313,-39
14,-139
363,-202
34,158
4,-151
236,127
175,171
-1,-86
131,217
274,127
143,213
206,166
103,-169
50,143
307,-90
-16,21
101,-156
-41,117
-232,120
15,-130
-85,97
-43,81
234,133
-10,-11
153,-232
201,173
-2,114
2,17
289,114
245,179
234,150
-26,130
-18,29
-287,248
32,165
224,158
8,64
233,131
201,167
219,159
321,-38
130,240
-14,-14
-1,-56
-82,79
376,-194
320,-33
137,262
145,269
-1,-26
-60,-12
-17,31
125,-157
-58,71
315,202
154,197
360,-102
-23,3
-299,249
344,-62
3,-9
126,251
260,117
280,-62
137,239
296,62
293,194
184,151
342,-75
40,150
-5,-26
-47,89
313,-153
303,207
-49,98
0,-48
-60,60
177,267
240,147
-16,-58
-133,131
332,-118
141,251
3,-26
172,-3
4,-78
-9,-1
15,-151
2,-77
272,127
238,127
-9,-8
-288,201
-161,153
-36,147
86,-130
16,114
128,262
298,89
-310,186
25,177
131,215
19,-136
166,281
-82,108
303,-90
316,-32
-108,119
140,256
315,-32
186,-19
50,123
47,148
-272,200
-23,-2
-7,-41
-200,180
6,73
193,156
19,0
10,69
-3,-89
209,125
-80,-201
15,-131
195,143
370,-191
3,-25
221,157
-104,126
-13,-1
-7,-7
10,-114
67,150
-10,117
-182,129
330,-67
-11,-7
264,131
212,162
124,236
-41,-79
44,157
50,146
340,-140
140,207
118,-190
-5,-100
-82,-135
130,290
-57,139
135,244
-235,158
5,-49
147,211
154,179
-81,-165
86,-127
95,-151
186,158
-107,136
244,145
148,212
290,112
-31,111
-37,152
-202,188
99,-164
2,-71
-348,217
162,284
150,196
124,-159
-51,-75
280,122
-106,127
0,-87
15,-162
64,146
-78,-128
18,-130
-200,123
184,189
217,93
-8,127
-25,67
-27,8
118,245
104,181
-111,130
85,-136
-45,85
281,119
7,-153
293,176
-9,138
-174,-150
17,-162
144,236
-288,208
5,133
-6,4
126,267
6,10
-18,2
21,104
-16,-60
-287,200
136,263
-126,141
-16,-55
340,-66
-47,-67
-5,-77
-23,-7
-2,-90
103,-148
-69,172
-23,62
-11,117
14,-158
16,57
241,98
-282,243
-6,-81
4,-3
10,-91
141,217
132,240
-79,-200
223,214
193,165
127,-200
244,143
-2,-161
14,-133
12,-116
140,203
-292,242
142,221
-75,72
-6,114
292,-112
234,154
-21,24
134,202
173,154
385,-206
142,205
314,-34
9,69
-18,-100
194,168
-265,191
19,-128
-10,-103
190,174
-18,20
152,297
-27,114
186,179
179,166
97,-144
291,67
144,247
286,74
97,-140
272,128
9,61
289,70
-269,208
-295,237
-44,146
131,236
136,262
158,274
-148,-154
101,-143
-18,-59
305,-68
-13,-55
323,-44
143,193
50,145
-24,39
-173,-147
-285,247
280,96
186,174
7,-91
334,-69
-37,135
-3,-83
6,0
190,147
293,-116
340,-141
-245,191
0,-93
126,254
11,-158
-79,88
137,238
185,156
-78,101
-73,107
-63,157
133,-209
140,218
202,171
179,-12
-77,98
41,151
-7,-22
24,-21
-15,151
-7,-24
138,207
11,39
142,185
258,138
295,61
-80,72
-163,-142
349,-152
123,256
-251,185
245,-56
-3,-39
183,171
11,-150
-80,102
-132,138
272,125
9,-92
147,219
315,-39
-238,166
34,161
44,149
147,271
335,-74
-200,181
17,-130
-1,-169
-80,101
-56,-60
-118,149
4,102
222,217
226,125
89,-125
-326,196
12,-114
172,-4
143,202
234,152
180,151
-76,-136
-296,198
-205,185
256,139
329,-38
137,247
-111,140
-14,2
70,-211
-62,42
12,84
-4,-76
5,-3
295,72
-35,76
176,155
155,-233
95,-149
219,118
141,211
-10,104
7,127
-168,-123
186,267
-9,2
-24,21
285,66
-215,160
-47,5
233,81
145,250
-34,59
295,-116
94,-146
183,270
14,-151
-197,184
127,244
122,-198
149,201
215,117
197,168
156,300
-405,303
-14,4
-53,-131
296,53
197,176
314,-152
-304,290
94,-138
399,-156
246,187
-17,118
-112,122
208,168
167,283
-10,-13
-18,13
150,221
6,-32
101,-147
157,289
300,-87
209,163
194,140
-6,-75
-78,76
-5,-80
-76,99
134,281
92,-131
-21,-177
148,215
266,135
-249,190
-55,140
155,180
-11,128
192,166
-100,120
-52,-75
262,138
124,257
-107,116
235,126
53,145
-170,-146
-14,-15
-57,-41
147,185
-26,66
19,-135
-74,83
0,-89
190,143
136,200
-79,74
22,107
5,123
136,227
206,167
-100,110
215,94
15,111
319,-148
21,-18
-27,137
1,-38
3,-155
260,64
341,-142
18,114
-49,-74
-204,177
-34,152
121,135
248,187
280,88
179,153
-30,133
-105,128
-70,-196
374,-199
316,197
-20,130
16,-130
-43,111
279,111
-28,79
307,-91
-9,49
-49,-54
-81,-131
-265,199
131,222
-38,-84
187,147
-19,-45
-11,41
361,-100
274,129
-78,74
287,75
-57,-42
-15,-3
-10,122
-10,-4
-270,188
315,-147
8,-3
-107,119
125,241
169,0
-13,-13
207,149
127,266
136,219
300,-88
-43,151
103,-147
28,188
334,-75
12,83
-169,-154
170,166
170,179
192,160
11,122
333,-177
1,-98
-14,24
310,-143
205,165
140,233
-186,169
282,93
167,166
378,-199
155,182
-15,-65
131,272
-37,77
-17,-9
174,-10
14,-137
142,231
-81,89
-210,174
-87,99
211,163
227,130
-9,-9
-21,40
-16,-36
0,-167
-38,154
-28,83
125,271
-41,161
-3,-41
-125,149
6,-89
-42,86
-3,-165
178,158
316,-152
-4,-75
126,274
-60,178
167,186
219,164
298,50
135,258
195,142
43,151
281,94
192,157
128,258
10,-116
121,-154
-186,166
229,83
-16,8
2,-81
-88,93
184,163
2,120
-56,-74
-171,-147
36,159
-255,133
-191,163
-298,224
315,-44
280,-61
140,243
295,51
169,1
-21,20
-22,-9
9,-12
-261,187
-137,149
157,177
9,118
-309,184
-206,169
196,149
-76,-126
15,-128
189,185
23,107
-3,-84
297,203
137,271
9,-149
318,-38
122,-195
141,199
155,301
363,-179
344,-148
-2,-71
-21,31
21,-19
99,-146
290,30
-62,-29
-7,123
314,78
93,-128
-22,23
142,212
-80,83
-60,-46
-331,341
357,-100
271,126
-15,22
119,-195
144,222
8,-85
-187,168
2,-162
-310,185
-39,-30
-103,118
86,-136
-7,-13
353,-158
-24,8
40,169
-107,128
-33,94
148,183
-262,202
153,274
-6,123
-64,153
-82,82
119,-188
115,-184
321,-40
108,-149
-44,159
190,166
326,55
26,185
328,-47
-12,-3
-12,3
-50,-79
-3,-43
213,168
-89,107
152,201
247,174
5,124
202,176
-57,-43
-17,-6
-66,-251
284,65
220,159
258,137
-57,73
49,139
-68,-200
105,-168
164,191
138,212
342,-145
-34,142
-297,200
155,204
146,306
109,228
-33,58
-101,124
230,86
-14,14
203,128
-15,55
-2,132
-376,250
165,191
15,117
171,-3
116,-192
-79,-129
-9,14
154,303
133,217
-102,128
228,125
277,122
-292,236
270,133
-3,-3
287,80
291,30
-14,-60
-2,-64
-88,95
138,292
-61,67
295,58
63,147
-6,47
122,-199
-79,68
94,-213
7,-90
175,183
181,155
235,204
39,154
92,-128
189,188
-5,22
-202,185
-36,127
-82,-130
-269,192
-1,120
179,178
178,125
231,128
-46,89
132,283
333,-60
140,249
96,-153
-41,71
-116,130
-76,167
-2,-85
228,88
10,4
365,-199
-165,-149
-98,118
-186,174
357,-99
-32,14
-69,174
260,137
182,268
3,-4
-23,45
191,257
-85,-153
13,-119
289,104
6,-56
164,294
299,69
161,186
-314,189
-11,-47
284,73
248,139
-80,-135
-32,71
5,-88
174,183
-2,-44
-63,168
45,147
15,-142
222,218
298,66
143,312
119,-151
-1,20
156,199
103,182
141,294
96,-162
123,-200
198,160
154,296
-42,87
139,-205
200,173
-9,-10
134,229
293,-113
148,182
1,-31
216,116
267,132
9,123
-200,185
168,155
-79,-199
112,-182
-51,79
176,-6
0,-163
131,242
-1,-78
164,172
-12,-63
-9,-3
212,159
154,304
-2,-76
-57,158
166,288
-36,150
28,189
-259,187
131,219
-12,12
-173,-108
229,88
195,152
130,248
-82,89
227,124
184,265
128,275
-85,105
313,-152
-86,-145
168,288
137,270
86,-131
139,254
-35,133
19,102
-13,-54
-1,52
148,304
4,-82
210,160
-25,65
-58,-58
-40,-31
-35,79
146,218
329,-66
-21,34
-72,103
-86,-144
142,184
338,-135
7,-64
-79,83
8,57
171,164
-12,54
191,178
150,306
0,1
3,47
343,-146
287,60
202,24
156,307
128,243
286,73
-12,129
86,-140
-8,113
-105,127
285,116
142,315
-50,-74
279,125
-128,149
-24,71
260,136
-4,-11
-250,179
14,-143
-87,-156
144,249
-275,199
335,-69
-198,149
142,226
-137,146
133,279
121,-145
9,40
10,-92
-1,-38
-207,186
-2,-39
151,295
-336,311
128,-205
-11,18
130,283
127,243
287,74
95,-137
13,-108
288,57
155,274
325,-32
188,157
-18,23
173,177
-228,175
-18,118
8,127
3,-74
-22,7
-266,200
179,-14
-52,67
144,269
112,-181
155,308
-399,307
117,245
-76,78
143,302
389,-199
-262,200
378,-208
30,191
-197,147
292,178
172,177
-9,12
291,61
-71,70
106,-166
247,-55
-250,185
373,-209
-46,150
181,151
145,315
122,-196
182,262
-278,239
-14,-102
-39,73
159,294
383,-200
15,-18
383,136
99,-130
3,12
304,-90
124,258
101,-155
188,167
-37,142
9,-58
-6,39
341,-77
13,-116
410,-157
95,-126
278,104
-12,-1
187,260
-83,86
-80,-131
115,-181
204,172
-84,78
2,77
62,174
215,154
163,283
-206,183
218,156
-14,13
133,281
263,-68
-7,-42
272,111
64,147
176,171
-192,154
280,71
-152,-146
248,188
-60,155
121,240
266,133
-74,-139
-205,170
101,-150
254,135
312,-145
152,298
-200,175
-284,264
182,-11
125,253
-14,-3
312,204
137,261
10,71
-341,299
-20,22
-47,74
-10,-57
5,119
149,195
157,297
-398,287
157,178
-7,-11
-29,67
329,-166
19,112
151,232
282,91
-19,30
279,117
176,-5
407,-156
-49,-57
134,282
-135,155
291,180
243,183
124,264
311,-153
10,-5
367,-194
292,101
196,158
-33,105
336,-63
-63,169
262,136
13,65
165,165
16,108
260,135
352,-160
-12,-4
-22,12
354,-161
213,165
-155,-141
-15,-59
8,-89
-7,-101
319,-42
141,255
-45,-132
16,107
274,124
-39,154
102,-151
45,156
22,106
341,-144
34,160
381,-208
14,-15
-13,31
269,133
337,-60
248,54
162,170
-29,126
11,-153
-20,23
7,-22
332,-169
85,-137
-13,-61
10,-13
-84,100
-86,-148
216,91
0,3
209,167
141,291
29,172
-286,173
-70,76
-28,-33
-68,-274
8,59
-278,211
284,-96
132,243
160,166
144,218
-6,-14
-16,-154
265,132
294,201
341,-143
-418,330
84,-135
377,-200
15,-163
148,203
-6,-80
322,-46
124,-155
88,-130
4,117
-2,-91
-11,111
-18,-50
-68,-237
146,196
282,120
-85,106
-280,245
-120,148
238,126
-110,136
-2,-63
362,-189
-293,246
18,-150
231,127
9,-88
10,-150
-2,48
12,-108
328,-68
288,107
292,182
315,-158
-36,60
289,56
294,61
-20,146
-2,133
-83,91
139,228
-36,88
-4,-77
272,132
-262,226
102,-199
107,-149
-57,-44
-47,160
108,211
-8,-7
373,-196
12,-109
-2,-86
172,159
4,-158
-34,87
-158,152
-12,-102
36,-22
283,-94
-30,-88
-78,89
11,123
-71,97
158,298
171,165
14,-118
-33,134
263,135
15,-118
132,264
-75,-129
190,-23
-288,206
-12,-2
249,142
216,93
282,112
-1,-74
27,178
152,237
-102,127
48,141
-113,134
-116,127
226,90
-6,-97
-78,73
153,231
-202,178
100,-148
361,-98
142,252
138,-214
-31,15
141,220
136,197
175,193
-181,127
315,205
-402,309
-2,-25
10,-151
367,-183
-82,81
108,-150
-80,100
-19,43
-81,76
288,109
-1,-41
88,-129
-32,89
121,-199
323,-37
41,146
-19,22
152,301
-351,214
156,272
-58,-12
285,76
135,256
233,132
-44,-65
-264,232
303,-129
-43,144
-23,61
131,-205
-86,-146
-32,131
-42,71
-52,-59
31,169
-43,167
-154,-143
-42,73
211,27
-115,139
-34,103
141,225
-193,158
-35,77
131,220
291,-109
138,322
339,-137
210,169
8,-153
129,258
-176,-145
278,86
-50,171
-2,20
7,56
-167,142
-168,-153
0,123
5,-9
213,148
157,307
123,-198
256,-65
221,161
192,155
137,242
6,-97
228,210
49,144
330,-121
184,150
-299,240
-78,-133
264,-71
-243,196
149,269
9,12
281,-93
209,164
9,67
185,176
282,118
-105,126
17,99
38,161
-139,150
413,-160
-195,154
11,-116
150,199
-263,194
141,230
131,232
315,-34
46,157
-8,49
287,88
31,166
-14,8
-53,69
-86,-141
182,172
-83,92
7,-10
3,-163
223,91
-189,155
4,-153
-55,160
350,-195
158,293
166,287
-25,81
127,257
325,-45
372,-205
294,57
-36,117
160,167
-38,78
273,110
125,262
140,224
-51,-74
-13,54
362,-178
10,73
-32,62
-67,-257
317,-149
363,-199
176,170
-14,-100
102,-153
124,-198
-83,106
4,-1
194,144
140,291
300,204
264,-72
221,160
280,117
-22,28
-20,16
13,-118
315,210
17,-136
142,305
297,60
91,-127
356,-173
145,212
1,56
141,204
-70,65
-116,133
139,298
141,238
194,162
35,188
185,-9
202,157
-42,89
20,-135
362,-98
-34,100
139,243
-79,93
368,-116
290,84
-27,101
244,188
128,261
4,57
-35,144
188,181
5,-93
304,-67
-268,215
342,-60
141,249
-1,-9
179,271
-253,215
181,273
-10,-102
300,205
141,228
-58,-56
-111,127
198,138
152,204
-17,36
0,-39
-8,-104
-28,133
-252,185
371,-189
339,-67
-258,225
116,-191
174,179
150,310
4,-6
-64,32
-41,141
366,-182
276,82
5,-159
228,215
91,-177
145,216
132,226
22,-17
217,159
27,189
293,173
141,200
374,-208
12,64
-109,121
-80,79
-87,-158
10,-154
-81,-129
284,-97
-1,45
-32,66
136,194
-398,293
-77,70
6,-163
269,128
327,-46
351,-154
-18,-53
-3,-8
123,258
159,274
223,115
143,190
333,-66
127,242
2,-1
-21,62
268,132
362,-101
132,196
11,76
17,102
3,-161
-7,0
133,206
10,78
-293,174
-196,187
-6,40
-1,-97
45,145
151,182
268,110
122,245
137,297
126,276
11,115
212,163
-81,-132
-227,173
193,159
49,143
375,-207
147,210
135,270
-164,-127
171,171
12,-119
182,155
-36,138
18,98
138,-206
40,152
123,261
-32,122
213,119
-140,135
-2,-93
354,-169
153,297
366,-183
-56,-58
-150,-156
160,296
172,163
123,134
135,292
264,133
140,195
324,-39
357,-172
-45,-80
-380,249
-39,72
-66,-240
-3,8
4,-55
-34,67
174,172
93,-126
-81,-230
-21,-100
340,-183
371,-197
-158,115
144,206
166,280
321,-48
141,305
142,268
-1,-45
-205,179
-197,182
307,-69
127,263
-78,81
6,-158
139,260
8,-155
-65,157
-54,-58
136,264
243,98
114,-190
399,-150
247,128
255,-63
133,-208
10,-107
-45,-68
-169,-128
187,146
-100,130
54,140
11,-97
-288,181
101,-152
3,-160
-50,-53
174,-7
136,249
-14,-43
-402,329
-56,77
328,-163
-287,201
332,-168
110,229
241,93
37,156
137,263
-364,377
373,-200
106,-169
-4,-82
-15,127
1,6
-25,63
-167,-126
-58,-59
172,172
-260,229
196,166
16,112
131,238
34,170
370,-206
14,-129
195,157
-43,74
0,-77
-14,32
-86,111
224,216
189,187
174,157
284,110
-44,7
-201,186
-7,-81
85,-125
302,-89
193,166
331,-169
-274,211
-196,184
312,-37
-80,99
-60,-47
135,205
139,253
165,289
129,270
300,70
-36,76
103,-157
9,8
29,191
399,-154
-33,119
-5,-8
-6,118
-11,112
20,102
248,143
161,169
-22,40
286,114
-33,142
-262,189
-2,-65
231,126
224,163
3,-83
196,148
-73,-124
174,171
-289,243
-2,-68
11,-100
-2,-48
255,137
64,165
173,280
-90,14
-43,87
175,124
259,135
-226,182
-19,6
-5,13
160,196
-75,-135
-19,17
232,84
276,124
368,-184
170,162
-6,-2
366,-201
115,-182
-295,206
-19,32
271,109
4,13
-2,-3
-218,182
178,199
210,130
289,-104
6,-150
177,274
10,-97
-211,179
-52,59
-51,-55
224,89
165,181
-20,19
132,-207
-1,-87
170,280
190,153
-201,185
-60,-57
306,209
-85,108
-55,57
-2,109
-293,278
-108,123
60,149
155,202
-83,82
292,194
124,262
193,154
-24,67
-332,310
-60,66
-50,157
19,145
7,-86
-2,-164
-35,66
131,288
-295,207
2,121
235,129
-98,124
164,284
-1,10
380,-207
277,80
-30,121
134,235
-301,297
262,137
-6,-100
-261,191
343,-188
203,23
133,235
221,163
1,10
314,-154
21,-72
-25,70
163,285
-267,226
33,117
-13,-102
250,66
-266,231
287,111
285,69
401,-232
132,250
-313,190
-9,-46
-79,78
-101,109
3,127
180,196
325,-31
-35,-38
168,163
-81,103
372,-202
-19,-67
14,-155
-26,-9
182,152
-288,180
-3,10
141,304
-57,143
158,292
268,128
-5,4
125,249
104,194
191,166
295,96
375,-204
42,151
-25,74
-16,-3
161,266
183,149
-89,-153
-57,63
1,112
-83,100
373,-208
123,-194
248,142
141,190
134,-206
256,140
10,-110
133,244
6,-88
305,88
-69,-274
141,185
283,90
293,190
-58,-20
-78,80
286,76
160,193
135,221
288,77
-83,-137
372,-208
372,-206
-78,-127
182,-14
-89,109
340,-138
-138,149
151,301
-12,13
171,157
280,120
323,-33
52,144
118,244
128,273
339,-143
-3,50
210,158
194,169
347,-192
-249,182
95,-152
-196,149
130,241
-9,-170
265,-71
-22,32
-293,199
-42,140
357,-198
181,149
281,87
5,69
184,-16
-153,-147
364,-179
-171,-127
288,60
-4,-90
162,166
9,63
-312,188
-3,121
-12,-60
-3,-38
183,265
-215,161
15,-122
231,123
-7,42
112,-184
219,157
-18,135
-291,247
369,-188
46,148
135,269
31,164
102,-167
144,225
319,-44
-78,72
1,-95
-247,194
-40,-83
295,191
293,59
6,-153
-108,128
169,166
314,-151
133,282
-261,188
-262,225
-192,162
-280,204
42,145
110,-185
376,-208
-73,70
-56,-59
171,276
247,-51
129,285
266,113
7,65
-69,-254
315,-153
179,167
144,194
-292,241
191,169
-25,127
186,151
-19,151
-2,-42
241,187
12,-146
164,168
298,67
-8,51
-68,-131
-13,33
285,89
279,114
31,190
321,-37
-5,-42
-2,-94
-405,287
-156,114
285,111
134,259
172,-2
271,125
340,-142
5,-84
-35,101
60,143
-7,12
-109,137
133,-207
27,-23
-123,136
-133,157
302,-128
138,258
-12,-101
145,209
-20,9
-28,65
339,-64
-216,155
196,143
130,280
-19,31
3,52
-27,82
111,-183
4,-156
180,174
-308,183
179,273
142,233
139,262
257,139
-43,73
-1,-11
139,230
-85,-139
187,263
282,66
-43,83
144,212
-124,131
-68,-201
155,199
358,-174
142,215
-314,187
-118,130
13,-153
59,-177
315,204
6,-154
372,-189
103,-156
241,74
370,-188
-9,-81
136,243
-251,178
138,256
129,286
144,350
288,114
159,304
336,-70
375,-196
226,155
-280,242
-11,-13
-18,9
-31,159
-50,-76
-79,75
26,184
176,173
-40,139
13,-9
32,191
204,171
294,62
315,-41
123,133
-21,27
-84,90
-85,113
184,165
-11,26
-8,150
352,-155
128,286
-23,30
183,162
404,-160
188,188
48,147
258,-66
-33,64
294,176
132,276
196,-29
21,103
-79,-201
191,187
349,-153
294,197
142,313
234,81
0,127
-20,20
123,254
366,-194
-77,105
132,212
-80,-139
87,-134
292,188
141,235
219,162
352,-156
340,-139
337,-72
358,-200
169,-1
7,-33
-262,205
129,246
13,-128
51,139
136,187
7,54
109,-182
313,-143
11,-161
-80,-128
-30,-85
129,268
-51,-52
3,125
61,136
-52,-54
-49,-78
-38,160
340,-77
39,182
365,-195
-16,-64
295,64
342,-187
138,231
-81,80
-273,192
-33,141
-7,18
101,-132
96,-134
134,204
382,-205
139,293
141,237
112,231
-63,159
225,129
333,-74
319,-30
131,229
218,158
282,90
129,284
7,77
154,177
137,188
323,-34
175,185
134,278
-77,-129
112,232
-30,70
397,-144
133,-210
96,-133
264,-69
-53,68
154,305
199,168
359,-176
374,-187
-51,-59
3,-5
-34,145
12,122
-5,7
96,-128
-45,72
158,197
178,177
301,205
-41,63
-7,3
16,-140
182,174
133,292
99,-143
26,177
166,274
-301,195
376,-197
93,-147
45,155
135,295
-17,48
-55,75
-16,-67
0,-70
-171,-125
-38,-29
340,-184
20,3
121,256
317,-46
122,134
3,-7
280,-89
324,-48
-328,200
0,52
-313,187
-201,187
239,125
-285,183
28,172
282,87
128,276
9,125
-79,-128
139,186
-125,146
-25,9
-64,171
134,220
152,270
-3,-48
141,299
203,156
293,63
-39,-80
118,247
-17,39
-38,-87
-62,156
-42,133
-36,61
1,-70
-202,180
288,86
-55,-10
369,-197
88,-133
174,175
-5,-14
318,-48
-262,185
173,162
170,282
336,-60
20,103
129,288
-31,67
-111,135
-289,180
178,180
-38,95
137,220
-293,248
108,-173
154,300
275,44
189,-22
15,-2
1,-51
368,-200
198,174
178,174
-50,-58
292,185
193,162
-82,-165
-359,228
317,-30
11,75
-15,-97
223,163
-293,249
12,123
-56,-31
328,-169
-3,-159
153,-227
-201,176
115,-186
158,294
312,43
6,78
233,125
173,172
-4,-41
0,-9
-85,-152
154,180
124,269
-200,189
261,41
-22,22
94,-148
-79,71
316,-37
-249,186
-325,197
